Full Name,Account Number,CIBIL Score,Address,State,City,Country,Mobile Number,PAN Card Number,Occupation,Branch of the Bank,Annual Income (in Rs),Gender
Renee Dayal,794843871722,367,"138, Dugar Path, Rajpur Sonarpur-590544",Uttar Pradesh,Lucknow,India,6990527801,UTVQH01965,Pharmacist,Union Bank - Lucknow Branch,321958,Female
Bhavin Toor,963450436285,601,"368, Chana, Amravati-727268",Madhya Pradesh,Indore,India,6598772407,QWYJQ44260,Marketing Executive,Union Bank - Indore Branch,871155,Male
Nitara Venkataraman,314939397126,678,"10/81, Dhar Road, Dehradun-400493",Rajasthan,Jaipur,India,6188847212,LWOIF64245,Lawyer,Union Bank - Jaipur Branch,331932,Female
Purab Lata,269085222633,427,"54, Chhabra Nagar, Darbhanga-266575",West Bengal,Siliguri,India,1371275494,IJQHK30852,Pharmacist,Union Bank - Siliguri Branch,1614414,Male
Nitara Lad,801266852126,824,"H.No. 784, Kadakia Zila, Ratlam-780493",Punjab,Ludhiana,India,5726682191,VNFLL55257,Teacher,Union Bank - Ludhiana Branch,459178,Female
Lavanya Sankar,528072251252,396,"62/392, Virk Road, Akola-557155",Uttar Pradesh,Lucknow,India,8667146911,ETNNB79978,Bank Manager,Union Bank - Lucknow Branch,1892743,Others
Navya Borra,589841198524,422,"H.No. 480, Hayre Ganj, Phusro-422135",Delhi,New Delhi,India,1564642529,LHJTR37048,Bank Manager,Union Bank - New Delhi Branch,310268,Others
Indrajit Bala,480323903949,811,"03, Gour Chowk, Thoothukudi-515540",Karnataka,Mysuru,India,6715386458,WUDYP34000,Software Engineer,Union Bank - Mysuru Branch,932180,Others
Kiaan Bahl,152204672578,858,"H.No. 94, Vala Nagar, Thiruvananthapuram 060320",Uttar Pradesh,Kanpur,India,4621676251,HVUWC36778,Civil Engineer,Union Bank - Kanpur Branch,1303462,Others
Jiya Sagar,629733773648,503,"H.No. 597, Arya Path, Suryapet-976890",Tamil Nadu,Coimbatore,India,8254233951,AYQQV21211,Bank Manager,Union Bank - Coimbatore Branch,337337,Others
Dishani Bawa,163165783163,442,"72, Bath, Gopalpur-267423",Punjab,Jalandhar,India,2118600795,IUNVX29780,Teacher,Union Bank - Jalandhar Branch,1199890,Others
Manikya Sandal,567807375180,683,"23/059, Mann Ganj, Thiruvananthapuram-479208",West Bengal,Kolkata,India,3713987899,ZXZXK22967,Lawyer,Union Bank - Kolkata Branch,1770006,Others
Prisha Vaidya,650961653791,437,"H.No. 35, Tiwari Nagar, Kadapa-798173",Gujarat,Surat,India,5546577540,UMCEU11353,Business Owner,Union Bank - Surat Branch,1336074,Others
Piya Hari,484254697650,393,"228, Raju Ganj, Chennai 212414",West Bengal,Kolkata,India,3010637565,WAGFD94340,Lawyer,Union Bank - Kolkata Branch,1112756,Others
Advik Suri,857307431876,387,"H.No. 38, Halder Marg, Warangal 420654",Uttar Pradesh,Varanasi,India,1945023367,AAGFU81467,Bank Manager,Union Bank - Varanasi Branch,375203,Others
Tushar Gola,717380776298,533,"H.No. 26, Goswami Path, Ghaziabad 453209",Gujarat,Ahmedabad,India,7280857805,HEZGB60574,Teacher,Union Bank - Ahmedabad Branch,1439911,Others
Pari Saran,919545187651,838,"H.No. 692, Rama Zila, Kochi 668598",Rajasthan,Jaipur,India,5541602035,XXNGK57247,Business Owner,Union Bank - Jaipur Branch,478167,Others
Zara Kumar,555777742137,885,"11/597, Sengupta Ganj, Jabalpur-784565",Punjab,Ludhiana,India,8134788855,XTHFJ61755,Civil Engineer,Union Bank - Ludhiana Branch,241090,Others
Indranil Kunda,468978109129,428,"H.No. 44, Basak Ganj, Gurgaon 624996",Maharashtra,Mumbai,India,5337613078,ZIYPZ08746,Business Owner,Union Bank - Mumbai Branch,529365,Others
Navya Chana,309174684597,301,"137, Dube Circle, Tiruchirappalli 165115",Maharashtra,Pune,India,4914952356,URAWT54915,Business Owner,Union Bank - Pune Branch,1313396,Others
Prisha Soman,807605601584,444,"93/971, Chahal Chowk, Jorhat 406118",Uttar Pradesh,Varanasi,India,5913306945,MHYSB12059,Bank Manager,Union Bank - Varanasi Branch,987201,Others
Mehul Uppal,378487038663,316,"H.No. 39, Konda, Motihari-786459",West Bengal,Kolkata,India,8091871879,AIPSZ35503,Bank Manager,Union Bank - Kolkata Branch,1570455,Others
Inaaya  Baria,987361086290,879,"569, Dugar Zila, Berhampur-426035",West Bengal,Kolkata,India,5551411982,HIUCR34735,Software Engineer,Union Bank - Kolkata Branch,1966891,Others
Oorja Chanda,361879167325,593,"H.No. 042, Bhalla Street, Kadapa 254730",Delhi,New Delhi,India,6810106252,GXJOB67598,Lawyer,Union Bank - New Delhi Branch,527069,Others
Kiara Yogi,314830732617,879,"15, Vig Road, Srikakulam 670345",Rajasthan,Udaipur,India,8909233019,ZZRKR78138,Teacher,Union Bank - Udaipur Branch,1447617,Others
Kartik Ganesan,127932167704,874,"H.No. 159, Saran, Akola-602844",Tamil Nadu,Madurai,India,4750633604,OFMQF73486,Bank Manager,Union Bank - Madurai Branch,991743,Others
Yashvi Mangal,722998330361,533,"H.No. 373, Tara Zila, Lucknow 556912",Tamil Nadu,Chennai,India,7359858831,LYJVZ15215,Doctor,Union Bank - Chennai Branch,303355,Others
Ryan Sangha,516299125917,704,"H.No. 104, Raval Path, Motihari-482640",West Bengal,Durgapur,India,4688984266,QENFI54414,Doctor,Union Bank - Durgapur Branch,1484372,Others
Yuvaan Wali,593550028458,629,"H.No. 76, Bhagat Circle, Solapur 657354",Rajasthan,Jaipur,India,6287371688,WVSRS54905,Teacher,Union Bank - Jaipur Branch,1462752,Others
Farhan Bakshi,634470026400,466,"653, Dhar Marg, Pudukkottai 700144",Punjab,Amritsar,India,7267714801,OFDNA62441,Teacher,Union Bank - Amritsar Branch,384779,Others
Baiju Kibe,155296037958,487,"H.No. 06, Hora Marg, Kozhikode 185581",Madhya Pradesh,Bhopal,India,7995528534,GVVNV37569,Accountant,Union Bank - Bhopal Branch,1596025,Others
Riya Wason,983287744228,312,"627, Kannan Street, Anantapuram-451626",Rajasthan,Udaipur,India,2329989097,TQBQE55659,Marketing Executive,Union Bank - Udaipur Branch,1670485,Others
Zoya Chand,410327129142,726,"22/73, Chada Marg, Guwahati-624604",Rajasthan,Udaipur,India,7566975640,AQTQN07043,Doctor,Union Bank - Udaipur Branch,1189436,Others
Darshit Chander,837665758277,887,"H.No. 577, Lal, Shahjahanpur 041118",West Bengal,Durgapur,India,8461134200,PCMVJ05718,Teacher,Union Bank - Durgapur Branch,1507371,Others
Veer Bhakta,936538665034,477,"29/39, Balakrishnan, Bangalore 522645",Maharashtra,Pune,India,3588196420,WJSVI60766,Lawyer,Union Bank - Pune Branch,686232,Others
Suhana Dhingra,576575773806,413,"H.No. 561, Dugar Circle, Pune 668772",Uttar Pradesh,Lucknow,India,9904027218,STKJE58137,Business Owner,Union Bank - Lucknow Branch,1117040,Others
Yasmin Wagle,217993277640,587,"49, Hayer Marg, Vadodara-804506",Delhi,New Delhi,India,8371249218,ETFBQ81093,Teacher,Union Bank - New Delhi Branch,1748762,Others
Aradhya Agarwal,544017430163,725,"33/496, Deshpande Circle, Srikakulam-895106",Tamil Nadu,Coimbatore,India,2966687553,CNCVT14987,Teacher,Union Bank - Coimbatore Branch,356730,Others
Onkar Dash,702208939198,636,"55, Jani, Pune 351970",Maharashtra,Mumbai,India,7508148517,ZOVEM86513,Civil Engineer,Union Bank - Mumbai Branch,1633257,Others
Rhea Venkataraman,326347082552,637,"98, Dube Zila, Khandwa-375526",Punjab,Jalandhar,India,2321161841,ZUIZT41643,Business Owner,Union Bank - Jalandhar Branch,1398079,Others
Divij Dar,473517320824,375,"347, Acharya Zila, Nadiad-319418",Punjab,Ludhiana,India,3891705835,MLFVO59908,Bank Manager,Union Bank - Ludhiana Branch,854811,Others
Jayan Butala,245685612813,575,"38/14, Loyal Circle, Davanagere-790005",Delhi,New Delhi,India,3925729128,FHDRC68914,Business Owner,Union Bank - New Delhi Branch,727035,Others
Zara Bhavsar,508136174076,547,"H.No. 683, Sarin Circle, Orai 528928",Uttar Pradesh,Lucknow,India,4600728123,ZLJFI37467,Marketing Executive,Union Bank - Lucknow Branch,848143,Others
Lakshit Karnik,173743233985,795,"60, Kalla, Raiganj 817246",Tamil Nadu,Chennai,India,7375968502,WRPPI56229,Business Owner,Union Bank - Chennai Branch,1700942,Others
Miraan Borra,355640235690,520,"H.No. 88, Suresh Marg, Dewas 623668",Uttar Pradesh,Lucknow,India,4441891445,GNKOZ24109,Marketing Executive,Union Bank - Lucknow Branch,265725,Others
Samar Kota,788346557527,574,"922, Soni Ganj, Saharanpur-243343",Gujarat,Vadodara,India,9645921528,BUSOS71385,Doctor,Union Bank - Vadodara Branch,1378557,Others
Kimaya Babu,960154939647,322,"63/111, Yogi Chowk, Singrauli-678579",Maharashtra,Nagpur,India,7287896606,XMPTJ00490,Doctor,Union Bank - Nagpur Branch,284654,Others
Biju Loke,449434084823,890,"68/54, Chowdhury Circle, Pallavaram 278472",Tamil Nadu,Coimbatore,India,5246327204,TSBHC17196,Pharmacist,Union Bank - Coimbatore Branch,1153277,Others
Diya Sur,619458961455,533,"206, Zachariah Road, Jamalpur 567306",Maharashtra,Pune,India,6449939731,KJBOS91268,Teacher,Union Bank - Pune Branch,791723,Others
Aniruddh Hayer,718406575234,555,"475, Ray Path, Aurangabad 828388",Uttar Pradesh,Kanpur,India,1873381998,AFUES21034,Civil Engineer,Union Bank - Kanpur Branch,519030,Others
Nitya Manda,579121188520,536,"76/431, Bedi Path, Mangalore 532922",Uttar Pradesh,Kanpur,India,7267902470,LCBUB57189,Pharmacist,Union Bank - Kanpur Branch,1577523,Others
Mishti Luthra,213941941111,753,"719, Chaudhry Ganj, Gaya-394221",Tamil Nadu,Madurai,India,2297162462,QPOWN31676,Business Owner,Union Bank - Madurai Branch,755839,Others
Zeeshan Hari,331745431785,370,"18/36, Dugal, Bhalswa Jahangir Pur-166025",West Bengal,Kolkata,India,1477615632,WNNKO70039,Software Engineer,Union Bank - Kolkata Branch,473538,Others
Kiaan D’Alia,410949334262,477,"89, Bera Road, Tirunelveli 346225",Karnataka,Mysuru,India,1493995985,GTJGM69865,Civil Engineer,Union Bank - Mysuru Branch,531236,Others
Neysa Wable,581952264220,614,"H.No. 22, Dhillon Street, Shahjahanpur-387489",Gujarat,Surat,India,2135208484,ABRYM29114,Software Engineer,Union Bank - Surat Branch,728178,Others
Adah Grewal,841598330271,742,"602, Bhavsar Ganj, Noida-827768",Maharashtra,Pune,India,6561798277,PWJWL88506,Doctor,Union Bank - Pune Branch,765894,Others
Krish Deep,582561188470,461,"H.No. 46, Samra Circle, Hubli–Dharwad-182530",Uttar Pradesh,Kanpur,India,8802447680,NIDOW55893,Marketing Executive,Union Bank - Kanpur Branch,689492,Others
Rania Wagle,176863908233,312,"26/40, Rajagopal Marg, Narasaraopet 508267",Punjab,Jalandhar,India,7994610653,CRPSB61056,Software Engineer,Union Bank - Jalandhar Branch,1505416,Others
Ela Mallick,812035013855,491,"11, Bose Zila, Korba 617786",Tamil Nadu,Madurai,India,4903703220,NZBDI54463,Civil Engineer,Union Bank - Madurai Branch,673254,Others
Manikya Sinha,700365403666,573,"396, Lalla Ganj, Uluberia-090220",Gujarat,Surat,India,2357129831,TSHPU27119,Marketing Executive,Union Bank - Surat Branch,549457,Others
Chirag Venkataraman,330324658668,380,"H.No. 933, Sarna Nagar, Bahraich 324208",Delhi,New Delhi,India,2268493904,PYXMG69035,Accountant,Union Bank - New Delhi Branch,865987,Others
Zara Subramanian,825777320885,745,"H.No. 766, Chokshi Path, Shivpuri-409679",Tamil Nadu,Madurai,India,7870000323,DNVQK54331,Marketing Executive,Union Bank - Madurai Branch,1519512,Others
Eva Lanka,422366636657,643,"H.No. 316, Tank Chowk, Hazaribagh 501976",Gujarat,Surat,India,5125151906,FMVEH26469,Doctor,Union Bank - Surat Branch,1488507,Others
Zeeshan Kumer,193584710783,517,"727, Vohra Street, Bhilai-729161",Gujarat,Vadodara,India,1902009147,SAKCM20644,Civil Engineer,Union Bank - Vadodara Branch,1488205,Others
Shaan Sachar,409681227769,500,"19, Bhatnagar Road, Dhanbad-394871",Karnataka,Bengaluru,India,1957033713,BRHVZ13588,Marketing Executive,Union Bank - Bengaluru Branch,1453617,Others
Nitara Choudhry,638499781238,604,"12, Sandal Path, Nizamabad-977574",Maharashtra,Mumbai,India,3577552395,YKQGL02113,Bank Manager,Union Bank - Mumbai Branch,898361,Female
Indrajit Badami,284871328354,744,"254, Ranganathan Chowk, Amravati-481289",Karnataka,Mysuru,India,6642945347,CEJSR01481,Business Owner,Union Bank - Mysuru Branch,1980488,Others
Fateh Deshpande,293311107084,513,"H.No. 923, Shanker Nagar, Hospet-362204",Karnataka,Hubballi,India,9445716063,QZQMJ80927,Civil Engineer,Union Bank - Hubballi Branch,1665689,Others
Zain Sandal,666109590243,460,"78/263, Chowdhury, Tiruppur 029860",West Bengal,Kolkata,India,1841218869,RITCC53490,Teacher,Union Bank - Kolkata Branch,268148,Others
Renee Kara,236445859684,588,"86/51, Saha Ganj, Kanpur 282248",Delhi,New Delhi,India,5553842223,OOZXP37345,Marketing Executive,Union Bank - New Delhi Branch,848531,Female
Aayush Ravi,273708161239,412,"23/70, Bajwa Ganj, Bhiwandi-589128",Madhya Pradesh,Jabalpur,India,7133986234,BCRFF12636,Marketing Executive,Union Bank - Jabalpur Branch,1500571,Others
Hiran Kar,876726709629,399,"H.No. 138, Halder Zila, Rampur-094982",Tamil Nadu,Chennai,India,8468824928,BLPSM91421,Marketing Executive,Union Bank - Chennai Branch,1106606,Others
Manikya Barad,788561209048,653,"289, Zachariah Chowk, Singrauli-815643",Tamil Nadu,Chennai,India,1970082444,GYHTM49341,Civil Engineer,Union Bank - Chennai Branch,878843,Others
Pranay Lalla,656054897768,875,"55, Wadhwa, Bikaner-693476",Rajasthan,Udaipur,India,7984785117,NLPQR75067,Teacher,Union Bank - Udaipur Branch,772843,Others
Vivaan Krishnan,831386480075,780,"H.No. 273, Wason Chowk, Pallavaram-490185",Tamil Nadu,Madurai,India,3737930671,FEKFU33714,Doctor,Union Bank - Madurai Branch,456508,Others
Vardaniya Kumer,958863470045,626,"01/579, Amble, North Dumdum 970570",Tamil Nadu,Madurai,India,9546531798,HKVWS10400,Business Owner,Union Bank - Madurai Branch,1003591,Others
Farhan Sarkar,515948108248,760,"56/82, Sehgal Road, Machilipatnam-516713",Tamil Nadu,Chennai,India,5245787276,IHWXF10342,Business Owner,Union Bank - Chennai Branch,1096942,Others
Renee Deshmukh,989050048912,330,"24/389, Barad Nagar, Vijayawada 326951",Delhi,New Delhi,India,9616132019,MRYNV58392,Pharmacist,Union Bank - New Delhi Branch,306530,Female
Sumer Raju,309093841380,878,"63/13, Tandon Street, Karawal Nagar 210189",Rajasthan,Udaipur,India,6828437083,QWBSE16952,Business Owner,Union Bank - Udaipur Branch,804365,Others
Kabir Vora,404930772604,818,"H.No. 53, Wali Ganj, Kakinada 730296",Rajasthan,Udaipur,India,8584352144,NQESB96855,Bank Manager,Union Bank - Udaipur Branch,660337,Others
Rasha Brahmbhatt,647472427685,762,"27, Shenoy Ganj, Imphal 053423",Maharashtra,Mumbai,India,7860938612,PVLQL14561,Software Engineer,Union Bank - Mumbai Branch,1973415,Others
Divit Mallick,967538147574,562,"433, Saxena Path, Berhampore-589097",Madhya Pradesh,Bhopal,India,9423055042,FNSOT04741,Pharmacist,Union Bank - Bhopal Branch,1005889,Others
Himmat Magar,921270138165,817,"52/792, Char Marg, Sasaram-718119",Gujarat,Surat,India,2690518538,AXAVT39570,Bank Manager,Union Bank - Surat Branch,1708349,Others
Zain Bansal,308418760493,751,"H.No. 194, Lal Path, Hapur 521842",Karnataka,Mysuru,India,4478029965,VAGFL23602,Lawyer,Union Bank - Mysuru Branch,408261,Others
Saksham Bala,245259416549,571,"H.No. 13, Amble, Akola 478738",Punjab,Ludhiana,India,6172227721,YRDQL63640,Civil Engineer,Union Bank - Ludhiana Branch,1589673,Others
Zeeshan Singh,468688555393,672,"29/651, Bahl Street, Jaipur-892553",Punjab,Ludhiana,India,6328591681,HLPUG28251,Pharmacist,Union Bank - Ludhiana Branch,1563715,Others
Samar Garg,128306901753,484,"H.No. 600, Sharaf Road, Giridih 928754",West Bengal,Siliguri,India,4421427339,NOJGZ01319,Bank Manager,Union Bank - Siliguri Branch,1420405,Others
Aradhya Agarwal,488132454329,499,"00, Lala Ganj, Bikaner-902545",Uttar Pradesh,Kanpur,India,5259252124,FRVXC98391,Lawyer,Union Bank - Kanpur Branch,471836,Others
Heer Sathe,357341525868,349,"H.No. 440, Kibe Circle, Madhyamgram 103975",Rajasthan,Jaipur,India,1545207448,QZFKQ58786,Civil Engineer,Union Bank - Jaipur Branch,1687550,Others
Ira Chander,124582644931,805,"56/834, Mahajan Path, North Dumdum-663941",Gujarat,Surat,India,8243543940,UFAQO81121,Lawyer,Union Bank - Surat Branch,1189913,Others
Diya Sha,581109887040,818,"H.No. 659, Wagle Zila, Kanpur-583847",Uttar Pradesh,Lucknow,India,4192876914,YZDEG95729,Lawyer,Union Bank - Lucknow Branch,402283,Others
Shanaya Kanda,693428159778,349,"593, Brar Zila, Kharagpur-395155",Karnataka,Mysuru,India,3923419660,ZQCDV27826,Software Engineer,Union Bank - Mysuru Branch,396769,Others
Yakshit Salvi,203493651683,886,"719, Bawa Path, Sonipat-266153",West Bengal,Kolkata,India,1708567589,GVAJS46210,Accountant,Union Bank - Kolkata Branch,761353,Others
Abram Sarna,804837221039,756,"455, Deo Path, Loni 255199",Madhya Pradesh,Jabalpur,India,8366383006,TXDWU19776,Civil Engineer,Union Bank - Jabalpur Branch,1471741,Others
Aarav Maharaj,480649767421,707,"46, Bose Marg, Nizamabad 142652",Uttar Pradesh,Varanasi,India,9849013382,VRZPH48735,Civil Engineer,Union Bank - Varanasi Branch,1872163,Others
Hazel Yohannan,830348377278,744,"H.No. 717, Sundaram Path, Thiruvananthapuram-342979",Madhya Pradesh,Indore,India,2449143970,OOINB90062,Marketing Executive,Union Bank - Indore Branch,1246797,Others
Nitara Sem,861870590350,872,"H.No. 50, Seshadri, Bahraich-168223",West Bengal,Kolkata,India,8302216005,BULYW60541,Accountant,Union Bank - Kolkata Branch,1150110,Female
Myra Koshy,898298107670,731,"H.No. 400, Banerjee Road, Alwar-553208",Uttar Pradesh,Varanasi,India,7070483487,BECLK62373,Software Engineer,Union Bank - Varanasi Branch,1784398,Others
Kiara Kumar,809508336782,879,"61, Sinha, Salem-596407",Madhya Pradesh,Indore,India,7559150861,BGCXV36771,Accountant,Union Bank - Indore Branch,687879,Others
Saira Chakrabarti,406304028515,893,"00/25, Sinha Road, Ongole 111450",Gujarat,Surat,India,8416648867,VKXCH32109,Lawyer,Union Bank - Surat Branch,764685,Others
Ivana Subramaniam,654324500138,363,"15/974, Edwin Road, Sirsa-250760",Karnataka,Bengaluru,India,2557480454,UTEXH30971,Software Engineer,Union Bank - Bengaluru Branch,982038,Others
Kiara Gulati,616542095074,807,"65, Seth Nagar, Mahbubnagar 181152",Delhi,New Delhi,India,8469545713,TIYUD23131,Marketing Executive,Union Bank - New Delhi Branch,1602107,Others
Jivika Shan,712106075498,400,"H.No. 41, Sani Circle, Bhalswa Jahangir Pur-291492",Karnataka,Bengaluru,India,8803368894,BNZEU50038,Doctor,Union Bank - Bengaluru Branch,1511736,Others
Raunak Master,702751517632,670,"425, Chakrabarti Zila, Nagpur 339823",Karnataka,Bengaluru,India,1999245856,FQFMY40203,Software Engineer,Union Bank - Bengaluru Branch,1207293,Others
Kismat Wali,330029407088,451,"22, Sridhar Street, Danapur-689366",Punjab,Jalandhar,India,1795562293,DRUZH63090,Teacher,Union Bank - Jalandhar Branch,779879,Others
Taran Deep,776976299872,353,"H.No. 672, Samra Road, Loni 674684",Maharashtra,Mumbai,India,1079027697,AQFWV65629,Business Owner,Union Bank - Mumbai Branch,1469460,Others
Alisha Madan,134495184613,389,"02, Varghese Nagar, Salem 238140",Delhi,New Delhi,India,3557340237,BNKQK81106,Civil Engineer,Union Bank - New Delhi Branch,223247,Others
Hansh Kata,712795960525,430,"031, Raja Path, Karaikudi 333319",Rajasthan,Jaipur,India,3838518199,DPVSX72148,Bank Manager,Union Bank - Jaipur Branch,1272876,Others
Zaina Gupta,231309152784,630,"19, Gole Ganj, Narasaraopet-439535",West Bengal,Kolkata,India,1028576044,BBFAA87353,Pharmacist,Union Bank - Kolkata Branch,1715857,Others
Piya Ratta,211410113580,758,"98/97, Venkatesh Marg, Patna 369901",Maharashtra,Nagpur,India,9370646943,BEIEF14606,Marketing Executive,Union Bank - Nagpur Branch,807086,Others
Akarsh Chatterjee,979988381305,495,"46/22, Varma, Chennai-008867",Tamil Nadu,Coimbatore,India,9947556609,AISZB63059,Marketing Executive,Union Bank - Coimbatore Branch,733556,Others
Fateh Warrior,539024945916,767,"13/349, Korpal Zila, Satna-178736",Tamil Nadu,Coimbatore,India,7218356042,LYKHT53980,Accountant,Union Bank - Coimbatore Branch,1597527,Others
Nirvi Tara,560089426396,466,"46/874, Basu Circle, Agartala-755233",Delhi,New Delhi,India,4674917624,WEGNJ15320,Bank Manager,Union Bank - New Delhi Branch,1522905,Others
Mishti Ravi,330308610410,535,"H.No. 31, Sabharwal Path, Chinsurah 929252",Tamil Nadu,Coimbatore,India,2552132799,RPBOQ76023,Accountant,Union Bank - Coimbatore Branch,1967640,Others
Mamooty Virk,668614011160,551,"H.No. 05, Char Street, Rourkela 175282",Madhya Pradesh,Jabalpur,India,9152778971,UFNTZ50704,Bank Manager,Union Bank - Jabalpur Branch,942139,Others
Anya Kar,628866870948,300,"H.No. 20, Choudhry, Guna-499331",Maharashtra,Mumbai,India,7534256785,AICOZ99211,Business Owner,Union Bank - Mumbai Branch,632315,Others
Anya Venkatesh,369897863003,844,"H.No. 59, Kapur Nagar, Bihar Sharif 014754",Madhya Pradesh,Jabalpur,India,6864756896,JOEJV06503,Bank Manager,Union Bank - Jabalpur Branch,1126075,Others
Anahi Sangha,351965344616,357,"366, Dube Marg, Karimnagar 292272",Rajasthan,Jaipur,India,9703706384,EZTZP58065,Civil Engineer,Union Bank - Jaipur Branch,716588,Others
Armaan Desai,861787288308,608,"96/123, Sunder Road, Udaipur-478737",Punjab,Amritsar,India,5471619537,SFWFW90637,Civil Engineer,Union Bank - Amritsar Branch,1485160,Others
Neysa Warrior,424534328544,790,"92/777, Bawa Ganj, Loni-257960",Uttar Pradesh,Lucknow,India,3333271463,PHJAJ42490,Pharmacist,Union Bank - Lucknow Branch,1810908,Others
Dishani Malhotra,338820858892,361,"H.No. 645, Sankaran Zila, Amravati-167402",Madhya Pradesh,Bhopal,India,3011422833,VNDMO99685,Marketing Executive,Union Bank - Bhopal Branch,1178732,Others
Hiran Mann,145272862020,372,"49/179, Sankaran Nagar, Maheshtala-358239",West Bengal,Durgapur,India,8813521095,QQQRE83773,Doctor,Union Bank - Durgapur Branch,1625472,Others
Urvi Wason,527456885079,715,"H.No. 37, Mane Path, Bidar 997546",Gujarat,Vadodara,India,6279431904,RNOYX74029,Doctor,Union Bank - Vadodara Branch,248984,Others
Aarush Anand,221485686863,568,"74/708, Som Nagar, Kakinada-552990",Uttar Pradesh,Lucknow,India,9390564480,TEPAH91861,Pharmacist,Union Bank - Lucknow Branch,502918,Others
Baiju Borah,583118902654,824,"880, Taneja Zila, Shimoga-848457",Rajasthan,Jodhpur,India,7726684980,TAHJR24161,Marketing Executive,Union Bank - Jodhpur Branch,464712,Others
Jivika Chaudhuri,848255508571,865,"H.No. 554, Hari Zila, Siwan 433547",Uttar Pradesh,Lucknow,India,3340784829,MMDVH39347,Pharmacist,Union Bank - Lucknow Branch,1368727,Others
Mishti Sarma,261096473169,586,"55, Kumar Street, Sikar 758970",Gujarat,Surat,India,4304807622,BRHRB51195,Software Engineer,Union Bank - Surat Branch,1704384,Others
Madhup Bakshi,696502238339,705,"00/525, Basak Circle, Guwahati-750063",Uttar Pradesh,Kanpur,India,6495460690,NSFDD14001,Accountant,Union Bank - Kanpur Branch,333767,Others
Divij Barad,974523517531,723,"263, Hayer Road, Sangli-Miraj & Kupwad-881086",Rajasthan,Jaipur,India,9853665947,SWBOQ19195,Marketing Executive,Union Bank - Jaipur Branch,848663,Others
Yashvi Bhasin,965819827128,769,"37/151, Mandal Zila, Tadepalligudem-486844",West Bengal,Kolkata,India,5477405665,HLACB47538,Accountant,Union Bank - Kolkata Branch,1952126,Others
Faiyaz Balay,889212567347,817,"63/159, Sekhon Nagar, Bongaigaon-203565",Karnataka,Bengaluru,India,2224718636,IQDWQ77602,Bank Manager,Union Bank - Bengaluru Branch,336330,Others
Indranil Yohannan,312480706014,513,"H.No. 032, Varty Ganj, Junagadh-119823",Maharashtra,Pune,India,4534737766,XOIOH54389,Accountant,Union Bank - Pune Branch,680754,Others
Ritvik Chandran,413647569834,897,"50, Sampath Marg, Siwan 733843",Tamil Nadu,Chennai,India,6089460173,XLXCX26439,Bank Manager,Union Bank - Chennai Branch,1550224,Others
Myra Rastogi,908761077730,859,"522, Gole Street, Raipur 889078",Karnataka,Bengaluru,India,3428694435,MBEUQ90665,Doctor,Union Bank - Bengaluru Branch,1937095,Others
Suhana Uppal,378722108752,596,"16/09, Mahajan Circle, Nagpur 089655",Madhya Pradesh,Jabalpur,India,6398792999,OVFUX83455,Software Engineer,Union Bank - Jabalpur Branch,213986,Others
Mishti Kalita,202337191857,867,"54/296, Upadhyay Circle, Howrah-932583",Gujarat,Surat,India,2711202658,OZNCJ80347,Civil Engineer,Union Bank - Surat Branch,786146,Others
Saira Sheth,883468536676,545,"55, Batta Road, Siliguri 393322",Tamil Nadu,Chennai,India,1690292840,EKUZJ32879,Business Owner,Union Bank - Chennai Branch,1377888,Others
Jayan Setty,345153687472,686,"H.No. 354, Sarkar Nagar, Sultan Pur Majra 171138",West Bengal,Siliguri,India,7400012975,LXHJR26876,Civil Engineer,Union Bank - Siliguri Branch,212666,Others
Adah Varma,500674180753,328,"34/520, Tandon Marg, Allahabad-401208",Gujarat,Ahmedabad,India,9102276026,SHRVW97707,Lawyer,Union Bank - Ahmedabad Branch,1549380,Others
Vardaniya Chanda,710050444839,894,"486, Karan Circle, Bilaspur-610816",West Bengal,Siliguri,India,8203615210,MNOQI86695,Teacher,Union Bank - Siliguri Branch,334633,Others
Parinaaz Bora,344299963946,792,"379, Kunda Circle, Thrissur 761791",Uttar Pradesh,Kanpur,India,8491587586,OQUMD58610,Bank Manager,Union Bank - Kanpur Branch,488998,Others
Hazel Chopra,570676559402,864,"61/74, Iyer Path, Mira-Bhayandar-228800",Karnataka,Mysuru,India,9414394423,TXIGF00324,Accountant,Union Bank - Mysuru Branch,1050937,Others
Shalv Banerjee,320350591582,317,"30/944, Reddy Ganj, Rajpur Sonarpur-560162",Uttar Pradesh,Kanpur,India,9687773597,CHURS49550,Doctor,Union Bank - Kanpur Branch,828776,Others
Fateh Vora,166718394637,360,"H.No. 350, Varty Path, Munger-730360",West Bengal,Kolkata,India,5880906734,DTTSG67044,Business Owner,Union Bank - Kolkata Branch,1956187,Others
Mehul Dash,586602388882,892,"32, Balan Road, Coimbatore-057945",Tamil Nadu,Chennai,India,1472605921,JJKDT96311,Business Owner,Union Bank - Chennai Branch,1533382,Others
Anaya Das,189346820429,888,"360, Sethi Zila, Bhind 002669",Tamil Nadu,Madurai,India,1275657222,JDRJX22618,Marketing Executive,Union Bank - Madurai Branch,1279111,Others
Ishaan Hari,139257057765,881,"899, Magar Circle, Fatehpur 849267",Uttar Pradesh,Lucknow,India,5210485567,LCYJV12484,Civil Engineer,Union Bank - Lucknow Branch,1196107,Others
Pihu Rama,763803528541,878,"829, Barad Marg, Raurkela Industrial Township 285949",Delhi,New Delhi,India,6137347554,RCWFF24101,Accountant,Union Bank - New Delhi Branch,1624289,Others
Krish Majumdar,372375523675,694,"H.No. 97, Luthra Road, Morena 779965",Karnataka,Bengaluru,India,5726817880,YOAIQ99092,Civil Engineer,Union Bank - Bengaluru Branch,1038688,Others
Zain Dey,938137793712,882,"H.No. 15, Chaudhary Zila, Ambala 097849",Karnataka,Bengaluru,India,6678319432,TEKND00594,Civil Engineer,Union Bank - Bengaluru Branch,551279,Others
Jayan Sehgal,787745815370,467,"H.No. 497, Kamdar Nagar, Coimbatore-454980",Madhya Pradesh,Indore,India,9332730717,GJUPK60877,Marketing Executive,Union Bank - Indore Branch,1113910,Others
Divyansh Kuruvilla,144359489840,876,"H.No. 31, Hari Chowk, Kumbakonam-712636",Karnataka,Hubballi,India,8943168562,AZAGI49441,Business Owner,Union Bank - Hubballi Branch,1850237,Others
Jayant Chanda,648513351995,416,"68/661, Kaul Road, Naihati 464250",Uttar Pradesh,Lucknow,India,4722549289,OPWAF94386,Marketing Executive,Union Bank - Lucknow Branch,1896548,Others
Dhanuk Chander,989530145783,363,"H.No. 280, Reddy Road, Ratlam 048529",Delhi,New Delhi,India,8534607293,NXQKS46775,Marketing Executive,Union Bank - New Delhi Branch,689570,Others
Indranil Sundaram,789912358172,607,"H.No. 70, Brar Road, Mangalore-584863",Rajasthan,Udaipur,India,9827201640,CYBFT69778,Lawyer,Union Bank - Udaipur Branch,1705127,Others
Purab Yogi,309395456532,715,"13/203, Dugar Road, Yamunanagar-553148",Punjab,Ludhiana,India,5478445935,FTMHJ52108,Business Owner,Union Bank - Ludhiana Branch,1521685,Male
Pari Iyengar,484814909723,557,"999, Dass Circle, Malda 993940",Karnataka,Mysuru,India,9507901307,VLYAU86745,Marketing Executive,Union Bank - Mysuru Branch,224538,Others
Advik Sandhu,364026653093,436,"280, Sankar Zila, Gaya-772127",Punjab,Ludhiana,India,4402100586,KSXAC88037,Accountant,Union Bank - Ludhiana Branch,1094498,Others
Inaaya  Rau,398607259709,540,"H.No. 02, Biswas Chowk, Sonipat 967558",Maharashtra,Mumbai,India,5781909720,OAZLP78941,Marketing Executive,Union Bank - Mumbai Branch,401664,Others
Ela Divan,194572549664,352,"H.No. 540, Agrawal Circle, Rajpur Sonarpur-739619",Madhya Pradesh,Indore,India,2661264237,BPKPH62494,Pharmacist,Union Bank - Indore Branch,691234,Others
Misha Doshi,256692215283,544,"H.No. 478, Bera Nagar, Korba 048343",Punjab,Jalandhar,India,1690290037,BUYJZ28855,Business Owner,Union Bank - Jalandhar Branch,339182,Others
Alisha Sarkar,582189873276,508,"758, Deol Marg, Guna-094984",Uttar Pradesh,Kanpur,India,6964301137,YFQGS81536,Civil Engineer,Union Bank - Kanpur Branch,1721101,Others
Biju Ramachandran,656797523242,444,"H.No. 07, Raju Road, Amravati-274095",Uttar Pradesh,Lucknow,India,2022674110,IVFFR13685,Marketing Executive,Union Bank - Lucknow Branch,1406914,Others
Jayan Shetty,275435491866,603,"24/74, Kata Road, Bhilai-423066",West Bengal,Siliguri,India,6384579240,MMEDY78102,Software Engineer,Union Bank - Siliguri Branch,384064,Others
Zoya Sule,902075817851,859,"91/06, Upadhyay Ganj, Dindigul-425820",Tamil Nadu,Madurai,India,5306653038,UUDHZ18477,Marketing Executive,Union Bank - Madurai Branch,414020,Others
Purab Bhagat,134775825530,780,"H.No. 260, Dada Chowk, Amravati-632535",Karnataka,Bengaluru,India,7704165326,SREEY73083,Business Owner,Union Bank - Bengaluru Branch,1239577,Male
Ojas Dugar,842116839015,585,"838, Bala Chowk, Panihati 613582",Gujarat,Ahmedabad,India,2734970513,ASYOZ10453,Doctor,Union Bank - Ahmedabad Branch,823094,Others
Keya Dugar,470095340718,457,"H.No. 577, Johal Zila, Ramgarh 889572",Gujarat,Ahmedabad,India,3558830647,KMXJR82123,Accountant,Union Bank - Ahmedabad Branch,1097421,Others
Shanaya Bera,299475583709,671,"H.No. 848, Balakrishnan Road, Rampur-969488",West Bengal,Siliguri,India,9954810030,ATXQT99880,Pharmacist,Union Bank - Siliguri Branch,815270,Others
Vanya Balay,639411078332,537,"62/28, Chander Circle, Bidhannagar 527996",West Bengal,Siliguri,India,9103239763,NXIAX84032,Business Owner,Union Bank - Siliguri Branch,1894490,Others
Devansh Bakshi,562311697457,822,"H.No. 44, Dara Path, Vijayawada 208066",Uttar Pradesh,Kanpur,India,2671921782,JFCOK60562,Marketing Executive,Union Bank - Kanpur Branch,1367752,Others
Kanav Mand,715214191747,615,"H.No. 57, Chaudhuri Nagar, Nagaon-995358",Rajasthan,Jaipur,India,1162760138,CHBYN92844,Doctor,Union Bank - Jaipur Branch,1117710,Others
Armaan Sankaran,881650825133,842,"95, Subramanian Path, Tumkur-953296",Tamil Nadu,Chennai,India,8356242244,RZJLJ74619,Pharmacist,Union Bank - Chennai Branch,1466702,Others
Hansh Lad,764907983926,771,"80, Khosla Chowk, Gulbarga 302726",Madhya Pradesh,Indore,India,9158769053,TNSOZ20001,Teacher,Union Bank - Indore Branch,418969,Others
Tanya Sule,891664618249,441,"H.No. 398, Mani Ganj, Rajahmundry-618850",Karnataka,Bengaluru,India,4562605616,PKLMK95039,Lawyer,Union Bank - Bengaluru Branch,322409,Others
Damini Brahmbhatt,338204395635,800,"44/68, Thakkar Path, Burhanpur 217315",Rajasthan,Jaipur,India,6804026140,ZZHEB20139,Teacher,Union Bank - Jaipur Branch,1796283,Others
Diya Saxena,989606160128,729,"24/136, Lala Road, Orai-307905",Delhi,New Delhi,India,2701714965,WORXP74193,Doctor,Union Bank - New Delhi Branch,453618,Others
Eshani Sampath,628810817724,376,"422, Bath Nagar, Bharatpur-034458",Madhya Pradesh,Indore,India,1839617528,PGVBZ52089,Accountant,Union Bank - Indore Branch,969598,Others
Suhana Bail,776049099953,823,"65, Rana Street, Tenali 427254",Maharashtra,Pune,India,2731880350,HTDJN80217,Civil Engineer,Union Bank - Pune Branch,1298591,Others
Divit Bahl,503246657407,701,"26/304, Bandi Marg, Eluru-520747",Uttar Pradesh,Lucknow,India,1738068794,AENFB80821,Civil Engineer,Union Bank - Lucknow Branch,972838,Others
Nitara Wable,717260560050,860,"06/897, Varkey Road, Gopalpur 008541",Gujarat,Vadodara,India,6184438955,JHCVF08018,Civil Engineer,Union Bank - Vadodara Branch,1370672,Female
Ritvik Keer,741099561069,593,"33, Salvi Street, Nagaon-792303",Delhi,New Delhi,India,6479526373,EAUHR80271,Lawyer,Union Bank - New Delhi Branch,1879923,Others
Indrajit Divan,653553381402,574,"37/08, Dyal Circle, Giridih-109644",Karnataka,Bengaluru,India,7505156562,KRNCA53546,Bank Manager,Union Bank - Bengaluru Branch,1433916,Others
Vivaan Malhotra,472106874504,878,"80, Mand Street, Haridwar 048233",Gujarat,Surat,India,9306898653,YXMRP53528,Accountant,Union Bank - Surat Branch,1359263,Others
Priyansh Tak,740675993012,661,"045, Divan Zila, Jaunpur-505565",Karnataka,Bengaluru,India,6740707478,FDWZZ96749,Marketing Executive,Union Bank - Bengaluru Branch,1074371,Others
Anya Shan,883965112517,711,"H.No. 14, Dass Marg, Bhavnagar 056629",Uttar Pradesh,Varanasi,India,8890489516,AIVTV59525,Business Owner,Union Bank - Varanasi Branch,1659933,Others
Urvi Seshadri,165824646999,431,"89/663, Bawa Zila, Sasaram 452189",Tamil Nadu,Coimbatore,India,9393194030,GINZY17838,Civil Engineer,Union Bank - Coimbatore Branch,935716,Others
Himmat Sankar,860893271963,806,"08/993, Bava Nagar, Belgaum-945451",Delhi,New Delhi,India,8076192711,FEPHL38598,Business Owner,Union Bank - New Delhi Branch,1354454,Others
Adah Jhaveri,778420451789,872,"H.No. 99, Tara Zila, Suryapet-794434",Delhi,New Delhi,India,1743567765,ZNQHB55251,Doctor,Union Bank - New Delhi Branch,1975846,Others
Mannat Bhakta,269239718505,465,"H.No. 13, Subramanian Zila, Chennai-476300",Rajasthan,Jodhpur,India,9077079015,ZNZBA77939,Bank Manager,Union Bank - Jodhpur Branch,1173548,Others
Aradhya Bhakta,213758211943,725,"24/20, Mander Marg, Sri Ganganagar-211629",Delhi,New Delhi,India,9225457808,GESNM05257,Accountant,Union Bank - New Delhi Branch,1446862,Others
Yuvaan Bava,972537267274,501,"H.No. 642, Brahmbhatt Road, Mysore-694926",West Bengal,Kolkata,India,8876188548,IBGVX07961,Accountant,Union Bank - Kolkata Branch,973290,Others
Advika Ghose,739937345599,460,"H.No. 622, Kibe Road, New Delhi 488971",Delhi,New Delhi,India,5988972436,QFOSR25240,Software Engineer,Union Bank - New Delhi Branch,1413475,Others
Aarna Sanghvi,970449497515,593,"11, Shetty Nagar, Pimpri-Chinchwad 974677",West Bengal,Durgapur,India,6459602922,DQXEM12478,Lawyer,Union Bank - Durgapur Branch,1573343,Others
Charvi Dutt,218703416814,331,"51, Sankaran Ganj, Cuttack 804986",Karnataka,Bengaluru,India,1573701295,SUIOX07461,Teacher,Union Bank - Bengaluru Branch,1199238,Others
Shayak Lalla,424980911208,318,"577, Sane Nagar, South Dumdum 853880",Madhya Pradesh,Jabalpur,India,1409737249,IKUFB12143,Lawyer,Union Bank - Jabalpur Branch,1061882,Others
Nirvi Vyas,741490336599,723,"H.No. 106, Bandi Marg, Nagaon 762525",Punjab,Ludhiana,India,8511346787,JBIZU80630,Doctor,Union Bank - Ludhiana Branch,579989,Others
Purab Batta,144227219228,307,"72, Tella Ganj, Hospet-432598",West Bengal,Kolkata,India,2205332929,JXNCL97074,Business Owner,Union Bank - Kolkata Branch,615515,Male
Alia Sura,906917288483,653,"69, Golla Street, Secunderabad 331592",Karnataka,Bengaluru,India,7533172225,EJZMM70299,Pharmacist,Union Bank - Bengaluru Branch,243585,Others
Jayant Jani,835260669992,730,"179, Rama Zila, Jaipur-461854",Delhi,New Delhi,India,4954958389,BABMT06365,Lawyer,Union Bank - New Delhi Branch,1619945,Others
Neelofar Goswami,492737506563,427,"48/559, Bhatia, Baranagar 048865",Madhya Pradesh,Bhopal,India,9343425324,HMAFV98306,Teacher,Union Bank - Bhopal Branch,264044,Others
Renee Kari,829051801759,314,"54, Cherian Zila, Alwar 503552",Delhi,New Delhi,India,1104871378,SVCRQ34104,Bank Manager,Union Bank - New Delhi Branch,1160061,Female
Aayush Cherian,501409716555,397,"38/235, Chakrabarti Nagar, Kozhikode 527595",Maharashtra,Mumbai,India,3942116499,EAQIT89746,Doctor,Union Bank - Mumbai Branch,642296,Others
Riaan Jaggi,393439743001,575,"983, Brar Zila, Erode 360495",Delhi,New Delhi,India,7123385658,SMGLU45405,Doctor,Union Bank - New Delhi Branch,309556,Others
Anya Barman,368945851222,405,"24, Warrior Chowk, Patna-682758",Karnataka,Hubballi,India,3510065847,MSCTX21049,Civil Engineer,Union Bank - Hubballi Branch,1775557,Others
Raunak Bir,928998558012,320,"55/218, Iyengar Marg, Deoghar 898661",Madhya Pradesh,Bhopal,India,3094883537,IUXSW16177,Business Owner,Union Bank - Bhopal Branch,967595,Others
Kabir Dhingra,569308452740,314,"06, Madan, Munger-203063",Rajasthan,Jodhpur,India,7875174770,YCJMU49375,Doctor,Union Bank - Jodhpur Branch,400235,Others
Veer Ray,940925323965,746,"81, Vohra Circle, Shahjahanpur-498350",Punjab,Amritsar,India,9286577707,NJIII53779,Pharmacist,Union Bank - Amritsar Branch,225939,Others
Pari Chadha,808838212281,847,"07/492, Bhatnagar Road, Bijapur-365249",Rajasthan,Udaipur,India,1470724999,GERWX58518,Business Owner,Union Bank - Udaipur Branch,1401482,Others
Yuvaan Raj,756052041217,400,"24/397, Jayaraman Path, Satara 609120",Madhya Pradesh,Bhopal,India,9541583943,EAJAL43319,Software Engineer,Union Bank - Bhopal Branch,742335,Others
Zeeshan Grover,489455260934,343,"H.No. 375, Kadakia Path, Orai 820975",Tamil Nadu,Chennai,India,8144833133,CYPWQ57528,Software Engineer,Union Bank - Chennai Branch,1536825,Others
Mannat Rama,603071287465,717,"216, Bera Circle, South Dumdum-692811",Gujarat,Ahmedabad,India,4046058181,NVRLA83042,Doctor,Union Bank - Ahmedabad Branch,275766,Others
Yashvi Ghose,915104221543,589,"87, Dara Marg, Miryalaguda 579475",West Bengal,Durgapur,India,3780652064,GBOHC13475,Doctor,Union Bank - Durgapur Branch,608923,Others
Madhup Bhatnagar,370050113869,575,"92, Devan Marg, Ghaziabad 189438",Gujarat,Surat,India,4101635618,UHRER24317,Lawyer,Union Bank - Surat Branch,1663768,Others
Gokul Tak,434384887187,511,"H.No. 31, Wable Marg, Mysore-328785",Rajasthan,Udaipur,India,7144265608,GSTIT87086,Lawyer,Union Bank - Udaipur Branch,768550,Others
Eshani Chaudry,771247473905,644,"H.No. 05, Gole Path, Anantapur-474217",Rajasthan,Jodhpur,India,2235634762,LWKCW10345,Accountant,Union Bank - Jodhpur Branch,587261,Others
Aarna Dash,224735786054,491,"475, Bahri Path, Warangal-592842",Delhi,New Delhi,India,7733094492,LLDFZ37140,Accountant,Union Bank - New Delhi Branch,1010208,Others
Khushi Arora,765937672909,307,"H.No. 651, Thakkar Road, Aurangabad 192360",Uttar Pradesh,Varanasi,India,1053948305,ZVEXI66837,Software Engineer,Union Bank - Varanasi Branch,885440,Others
Navya Krishnan,333622361579,674,"25/19, Karnik, Karnal-683292",Karnataka,Bengaluru,India,6216598307,JUPDQ18741,Pharmacist,Union Bank - Bengaluru Branch,1901240,Others
Nehmat Yadav,669412605325,402,"89/52, Banerjee Zila, Latur 949932",Punjab,Ludhiana,India,6435645949,KCEEH58480,Lawyer,Union Bank - Ludhiana Branch,1184346,Others
Dishani Mahal,323484340025,443,"02/944, Issac Path, Sasaram-421023",Karnataka,Mysuru,India,9516353380,JBIPP34913,Doctor,Union Bank - Mysuru Branch,1703165,Others
Jiya Sem,523714357597,682,"H.No. 934, Rao Chowk, Bidar-749092",Maharashtra,Pune,India,5080024108,LIUTF49643,Lawyer,Union Bank - Pune Branch,337848,Others
Jayant Devi,161463053262,486,"H.No. 458, Loke Chowk, Jabalpur 205364",Uttar Pradesh,Kanpur,India,1159751285,EYFIG79644,Pharmacist,Union Bank - Kanpur Branch,817075,Others
Divit Bora,653784021661,512,"06, Amble Nagar, Sambalpur-841187",West Bengal,Siliguri,India,6650708577,MQLLW23632,Marketing Executive,Union Bank - Siliguri Branch,327948,Others
Aaina Deshpande,826344903699,535,"36/142, Bose Road, Phagwara 734852",Maharashtra,Nagpur,India,2255127476,IYPZR77807,Business Owner,Union Bank - Nagpur Branch,1827880,Others
Arhaan Kaul,675172917062,411,"04, Varkey Nagar, Anand 091293",Maharashtra,Pune,India,5673432995,ZHJZN09420,Accountant,Union Bank - Pune Branch,602690,Others
Anika Raval,109103970370,532,"H.No. 227, Suresh Ganj, Darbhanga 122759",Rajasthan,Jodhpur,India,8180494576,DITZG95916,Software Engineer,Union Bank - Jodhpur Branch,699046,Others
Rati Varty,141988444574,314,"56/31, Halder Street, Rampur 152595",Maharashtra,Nagpur,India,5100160153,QADWE55501,Teacher,Union Bank - Nagpur Branch,651269,Others
Indrans Sur,943403139355,584,"H.No. 586, Karpe Marg, Nagpur 800629",Madhya Pradesh,Jabalpur,India,1332664788,GQLTQ55952,Doctor,Union Bank - Jabalpur Branch,221959,Others
Zoya Thakur,200313047598,673,"H.No. 40, Ben Chowk, Delhi-130132",Delhi,New Delhi,India,4687106566,UCUKC17971,Doctor,Union Bank - New Delhi Branch,1909466,Others
Sara Bhasin,961706632434,757,"55, Sachdev Road, Secunderabad 093315",Maharashtra,Nagpur,India,5836500079,UTVMM31172,Lawyer,Union Bank - Nagpur Branch,1998792,Others
Tanya Bal,883503971826,349,"H.No. 36, Krishnan Nagar, Danapur-405519",Gujarat,Vadodara,India,1873130554,NSZYT34994,Civil Engineer,Union Bank - Vadodara Branch,428576,Others
Faiyaz Bhatnagar,278169162960,754,"H.No. 183, Iyengar Marg, Katni 291430",Maharashtra,Pune,India,8685897310,TLQUQ66641,Business Owner,Union Bank - Pune Branch,1215602,Others
Kanav Bhatti,723094859381,428,"H.No. 72, Tata Zila, Pune-675025",West Bengal,Durgapur,India,6019519114,QWLQE10489,Doctor,Union Bank - Durgapur Branch,1786409,Others
Samarth Soni,406820428051,550,"H.No. 965, Thaker Nagar, Nagpur 868351",West Bengal,Kolkata,India,5673719173,KVUHW30926,Business Owner,Union Bank - Kolkata Branch,1114091,Others
Adira Malhotra,686936917488,437,"11, Ramachandran, Satna 032152",Punjab,Ludhiana,India,4737144955,ERPGI82617,Accountant,Union Bank - Ludhiana Branch,365838,Others
Tanya Bhalla,286742689907,547,"287, Rout Street, Shimla 868750",West Bengal,Durgapur,India,7539499163,WTMOP95499,Civil Engineer,Union Bank - Durgapur Branch,1584250,Others
Tarini Sekhon,497975895966,784,"02/083, Yogi Marg, Ambala-661676",Madhya Pradesh,Jabalpur,India,3513624671,IFJIH52659,Pharmacist,Union Bank - Jabalpur Branch,261087,Others
Armaan Lad,840678688879,310,"011, Bir Street, Serampore 949672",Karnataka,Hubballi,India,6003679267,CAWFN46240,Teacher,Union Bank - Hubballi Branch,1213343,Others
Jayesh Buch,220254881006,781,"67, Chad Nagar, Asansol-696466",Delhi,New Delhi,India,9136227518,VZSXN19604,Doctor,Union Bank - New Delhi Branch,1841704,Others
Adah Keer,370519673439,822,"76/052, Sarna Nagar, Patna 661026",Gujarat,Ahmedabad,India,1096211273,HCUYF70200,Software Engineer,Union Bank - Ahmedabad Branch,318451,Others
Rati Subramanian,149093407821,549,"30, Som Street, Malda 695302",Madhya Pradesh,Jabalpur,India,8280154556,AKSLW36380,Civil Engineer,Union Bank - Jabalpur Branch,1696176,Others
Indranil Gaba,563018124443,751,"81/14, Raju Chowk, Katihar-554762",Punjab,Amritsar,India,7057607638,VXLLA58882,Doctor,Union Bank - Amritsar Branch,639792,Others
Mamooty Bera,464428164661,702,"89/24, Ahuja Street, Sikar 535925",Madhya Pradesh,Indore,India,9623693348,CYVDK90786,Civil Engineer,Union Bank - Indore Branch,239353,Others
Ira Khalsa,344230251642,450,"89/72, Mani Marg, Rourkela-801452",Uttar Pradesh,Varanasi,India,1910213164,GTRTO82193,Civil Engineer,Union Bank - Varanasi Branch,393075,Others
Kaira Toor,977596683530,449,"43, Bhavsar Zila, Srikakulam-155577",Gujarat,Vadodara,India,8132937247,YFPWE22492,Marketing Executive,Union Bank - Vadodara Branch,1462859,Others
Tejas Shroff,339328094636,687,"45/405, Balasubramanian Street, Chinsurah 003465",Maharashtra,Pune,India,2270645299,FBQRU05675,Pharmacist,Union Bank - Pune Branch,1563453,Others
Jiya Golla,146842039070,751,"H.No. 925, Rastogi Zila, Udaipur 149452",Uttar Pradesh,Lucknow,India,7580962208,KFPTF41456,Business Owner,Union Bank - Lucknow Branch,265318,Others
Arnav Badami,813032357982,891,"581, Varty Circle, Tadepalligudem 849527",Tamil Nadu,Madurai,India,7024950732,FDRZQ22885,Civil Engineer,Union Bank - Madurai Branch,965313,Others
Dishani Arora,317900889302,792,"H.No. 648, Bath Road, Bhatpara 450724",Madhya Pradesh,Bhopal,India,9693914488,CYFJU93990,Lawyer,Union Bank - Bhopal Branch,1731266,Others
Ivana Bakshi,628409985307,538,"620, Agarwal Street, Kakinada-474894",Tamil Nadu,Madurai,India,1080538908,SQEEB01637,Pharmacist,Union Bank - Madurai Branch,616880,Others
Aradhya Shanker,341657310781,843,"32/94, Bansal Zila, Madurai 487328",Madhya Pradesh,Bhopal,India,4133209238,UNCUF05414,Civil Engineer,Union Bank - Bhopal Branch,791460,Others
Taran Biswas,588299196439,543,"326, Bir Circle, Dehradun-443993",Tamil Nadu,Madurai,India,6598994257,TDTIR54802,Doctor,Union Bank - Madurai Branch,940976,Others
Kiara Sama,427628538958,780,"52/899, Shukla Zila, Dindigul-269960",Madhya Pradesh,Bhopal,India,3069285451,IVPCB40869,Accountant,Union Bank - Bhopal Branch,981239,Others
Kaira Gola,831607834233,797,"27, Chaudhry Road, Tinsukia-451909",Uttar Pradesh,Kanpur,India,4825181709,VQGND43271,Lawyer,Union Bank - Kanpur Branch,1341840,Others
Veer Bajaj,496381966117,472,"H.No. 405, Cherian Nagar, Cuttack 114935",Delhi,New Delhi,India,2895608795,NBXNH40665,Accountant,Union Bank - New Delhi Branch,970746,Others
Alia Ramachandran,898725701866,435,"28, Hans Ganj, Karnal-627796",Karnataka,Mysuru,India,6252313117,WWPIK56082,Teacher,Union Bank - Mysuru Branch,1013168,Others
Mahika Varghese,464824144635,529,"88/827, Gupta Chowk, Durgapur-010440",Punjab,Jalandhar,India,9472208357,LPVBL46792,Bank Manager,Union Bank - Jalandhar Branch,425281,Others
Lakshit Atwal,478076054856,543,"93/63, Brar Circle, North Dumdum 486498",Delhi,New Delhi,India,5533516182,WCKLC12231,Software Engineer,Union Bank - New Delhi Branch,1220545,Others
Zaina Bhat,970880111611,651,"394, Bhagat Street, Miryalaguda 209487",Punjab,Jalandhar,India,6798545228,WVTNH79362,Marketing Executive,Union Bank - Jalandhar Branch,1885723,Others
Nehmat Garde,178105799499,700,"912, Kapoor Circle, Rohtak 066107",Gujarat,Vadodara,India,7294368424,JIBMY19847,Lawyer,Union Bank - Vadodara Branch,1098613,Others
Lavanya Dewan,319247331945,537,"624, Barad, Farrukhabad 860910",Uttar Pradesh,Kanpur,India,3991193389,SEVMB38445,Bank Manager,Union Bank - Kanpur Branch,1642646,Others
Adah Sankar,109330664458,433,"76/943, Ramachandran Nagar, Gandhidham 649229",Karnataka,Hubballi,India,1885379268,CDGYN32895,Business Owner,Union Bank - Hubballi Branch,1600804,Others
Samaira Som,364779173211,580,"48, Walla Path, Udaipur 485084",West Bengal,Durgapur,India,1158662854,FPHTP45349,Teacher,Union Bank - Durgapur Branch,1680415,Others
Yuvaan Bera,444784183770,463,"28/40, Rau Road, Deoghar 572712",Madhya Pradesh,Bhopal,India,8544652954,JVCMU93976,Software Engineer,Union Bank - Bhopal Branch,469536,Others
Krish Lata,183241191932,628,"74, Kala Zila, Bikaner 355971",Gujarat,Vadodara,India,4626354183,GVEAV17495,Software Engineer,Union Bank - Vadodara Branch,517824,Others
Pranay Dyal,404416123052,401,"62/479, Tella Marg, Munger-773263",Karnataka,Hubballi,India,5770839993,UUEJC84690,Business Owner,Union Bank - Hubballi Branch,1506002,Others
Anika Gade,164587697060,313,"10/49, Deshpande Road, Dhanbad 818226",Tamil Nadu,Chennai,India,3394371748,FFBZK19489,Teacher,Union Bank - Chennai Branch,377789,Others
Badal Sahni,541278543697,358,"09/704, Mall Nagar, Nagercoil-212333",Gujarat,Vadodara,India,4950873177,MHPRG72757,Lawyer,Union Bank - Vadodara Branch,1761729,Others
Ritvik Chandran,507617054496,435,"62/782, Dhaliwal Road, Shimla-411870",Madhya Pradesh,Bhopal,India,2563150628,XFEFJ32742,Civil Engineer,Union Bank - Bhopal Branch,942452,Others
Dhruv Upadhyay,369139192084,349,"23, Sehgal Circle, Mahbubnagar-542713",West Bengal,Siliguri,India,7183981795,KHAJU97920,Business Owner,Union Bank - Siliguri Branch,1037291,Others
Aarna Sarma,955647735314,687,"46, Kara Nagar, Kurnool-500128",Punjab,Jalandhar,India,2226802607,VDDHC41548,Lawyer,Union Bank - Jalandhar Branch,325657,Others
Advika Bansal,205753158394,841,"H.No. 90, Vasa Circle, Saharsa-828561",Delhi,New Delhi,India,3848240170,DNUZY88032,Marketing Executive,Union Bank - New Delhi Branch,1483743,Others
Purab Dara,946225580474,335,"69/837, Sahni Circle, Kavali-103319",Maharashtra,Mumbai,India,6964926808,IACGR04136,Accountant,Union Bank - Mumbai Branch,881669,Male
Biju Doshi,215515714918,836,"521, Bains Nagar, Giridih-491093",Punjab,Amritsar,India,9564303561,KSMUB64670,Accountant,Union Bank - Amritsar Branch,1729247,Others
Anahita Borah,299480138971,676,"72/85, Divan Zila, Delhi-403259",Karnataka,Bengaluru,India,7558865262,NVORN25626,Bank Manager,Union Bank - Bengaluru Branch,1967670,Others
Pihu Dhillon,965768999177,720,"498, Suresh Ganj, Surendranagar Dudhrej 934174",Uttar Pradesh,Lucknow,India,6440475286,OHZZW85318,Lawyer,Union Bank - Lucknow Branch,1319043,Others
Keya Chahal,583290878192,307,"127, Bains Zila, Thanjavur 546530",Rajasthan,Udaipur,India,1894864946,MXFJY72898,Pharmacist,Union Bank - Udaipur Branch,1432310,Others
Keya Korpal,815187150988,326,"H.No. 61, Chana Path, Thoothukudi-856433",Maharashtra,Mumbai,India,1938206441,OGCSD94763,Software Engineer,Union Bank - Mumbai Branch,1871370,Others
Nishith Boase,327223576994,509,"52/051, Chana Circle, Katihar 776028",Punjab,Jalandhar,India,3339013417,UOIJQ66406,Software Engineer,Union Bank - Jalandhar Branch,309751,Others
Ehsaan Loke,659402801536,542,"39, Lata Path, Sri Ganganagar-945495",Karnataka,Hubballi,India,5470082700,LXQEG94742,Civil Engineer,Union Bank - Hubballi Branch,1629626,Others
Pihu Bhattacharyya,369677843410,833,"847, Joshi, Kishanganj 407489",Punjab,Ludhiana,India,2699648251,SAEVD73221,Business Owner,Union Bank - Ludhiana Branch,1011774,Others
Dhruv Krishna,617289759270,424,"H.No. 37, Khanna Path, Vijayawada-562593",Delhi,New Delhi,India,7126868743,KSCCG47666,Lawyer,Union Bank - New Delhi Branch,1941093,Others
Manjari Ganesan,378243438585,598,"146, Aurora Zila, Jalna-590744",Madhya Pradesh,Indore,India,5348144268,CZGBS02855,Pharmacist,Union Bank - Indore Branch,661079,Others
Azad Bala,204437779534,793,"20, Dixit Street, Shimoga-899926",Maharashtra,Pune,India,3896825410,RTAYO16488,Lawyer,Union Bank - Pune Branch,568452,Others
Ojas Baria,538505271939,432,"H.No. 236, Jayaraman Path, Hubli–Dharwad-020109",Delhi,New Delhi,India,1421667645,LMLGQ78541,Pharmacist,Union Bank - New Delhi Branch,306081,Others
Hunar Keer,118162487244,846,"154, Halder, Khammam-989943",Gujarat,Surat,India,3256835645,JJNHQ49337,Lawyer,Union Bank - Surat Branch,1183237,Others
Ela Sandal,531859582409,469,"825, Yohannan Path, Bhubaneswar-808587",Madhya Pradesh,Indore,India,9655210516,OQYMX38585,Teacher,Union Bank - Indore Branch,1861909,Others
Vaibhav Tella,210079740390,569,"H.No. 71, Sarma Street, Rajahmundry 043582",Rajasthan,Jaipur,India,4138992733,WBGLX03834,Bank Manager,Union Bank - Jaipur Branch,758986,Others
Trisha Raju,889153400881,408,"32, Bakshi Street, Hindupur-790151",Delhi,New Delhi,India,8061035793,UYVTS56180,Lawyer,Union Bank - New Delhi Branch,310078,Others
Ira Sibal,724400681640,674,"64/867, Baral Chowk, Pondicherry-118322",Delhi,New Delhi,India,9915774842,KHQXV44089,Civil Engineer,Union Bank - New Delhi Branch,222671,Others
Riya Hari,445456346225,650,"934, Suri Zila, Panchkula 664233",Madhya Pradesh,Bhopal,India,5121252033,CROKK98269,Lawyer,Union Bank - Bhopal Branch,1666976,Others
Suhana Gaba,748409527227,496,"91/935, Choudhury, Nagpur 691557",West Bengal,Kolkata,India,7288916702,KFRXA21711,Pharmacist,Union Bank - Kolkata Branch,1604104,Others
Vanya Rajagopalan,543883703300,794,"180, Chahal, Jodhpur 186386",Gujarat,Ahmedabad,India,9432993456,VASSG56993,Software Engineer,Union Bank - Ahmedabad Branch,1859066,Others
Ojas Madan,523711448430,566,"H.No. 043, Shetty Marg, Karnal-206167",Karnataka,Bengaluru,India,2797174163,WKDSU11821,Pharmacist,Union Bank - Bengaluru Branch,251663,Others
Vardaniya Buch,428818284780,436,"06/11, Borde Chowk, Ongole 492554",West Bengal,Siliguri,India,4177023585,JDDUT66181,Doctor,Union Bank - Siliguri Branch,1264284,Others
Madhav Din,742263484986,826,"21/72, Halder Road, Uluberia-654992",Karnataka,Hubballi,India,3461639582,ERIJV16105,Business Owner,Union Bank - Hubballi Branch,511955,Others
Stuvan Dara,804169436685,351,"89/37, Kohli Road, Shahjahanpur-382961",Tamil Nadu,Madurai,India,3551580079,PAWPT57652,Software Engineer,Union Bank - Madurai Branch,1382459,Others
Badal Butala,753099335289,728,"04/898, Rattan Zila, Machilipatnam-976286",Rajasthan,Jaipur,India,9331384148,ABCIR17163,Doctor,Union Bank - Jaipur Branch,1566970,Others
Samarth Kumar,394336570206,604,"86/672, Mani Marg, Karaikudi-197937",Madhya Pradesh,Indore,India,7567794697,ZTRYM93315,Bank Manager,Union Bank - Indore Branch,312547,Others
